<?xml version="1.0" encoding="UTF-8"?>
<!DOCTYPE configuration PUBLIC "-//mybatis.org//DTD Config 3.0//EN" "http://mybatis.org/dtd/mybatis-3-config.dtd">

<configuration>

	<settings>
		<setting name="cacheEnabled" value="false"/>
		<setting name="useGeneratedKeys" value="true"/>
		<setting name="defaultExecutorType" value="REUSE"/>
	</settings>
	
	<environments default="development">
		<environment id="development">
			<transactionManager type="JDBC"/>
			<dataSource type="POOLED">
				<property name="driver" value="com.mysql.cj.jdbc.Driver"/>
				<property name="url" value="jdbc:mysql://localhost:3306/studyingp"/>
				<property name="username" value="BOMIN"/>
				<property name="password" value="1111"/>
			</dataSource>
		</environment>
	</environments>

	<mappers>
		<mapper resource="map/MemberMapper.xml"/>
	</mappers>
	
</configuration>